brand,vendor,category,product,pos_role,deployment_stage,status,deployed_units,target_units,target_date,penetration_pct,risk,source_type,source,source_url,evidence_posture,confidence,interpretation_scope,strategic_note,geography,channel,service_role,deployment_claim_type,customer_operator,scope_unit_count
McDonald's,NewPOS,pos,NewPOS,system_of_record_pos,full_deployment,active,13500,,,,green,primary_operator_statement,McDonald's technology investor presentations and corporate disclosures,,substantiated,high,"McDonald's proprietary POS software. Owned and operated by McDonald's Corp. System-of-record layer for US company and franchise units. Not a third-party vendor deployment.","Deeply entrenched proprietary system. Replacement risk near zero without a deliberate corporate divestiture or platform shift. Relevant for vendors seeking integration access rather than displacement."
McDonald's,NCR,pos,NCR Aloha hardware,approved_hardware_vendor,partial_deployment,active,,,,,yellow,credible_trade_reporting,QSR industry hardware approvals and NCR investor references,,partially_substantiated,medium,"NCR appears as an approved hardware and POS-adjacent infrastructure vendor. Not the system-of-record POS software. McDonald's owns NewPOS at the software layer. NCR role is hardware approval list or regional infrastructure.","Do not conflate hardware approval with POS ownership. Verify scope before asserting NCR as the McDonald's POS vendor. NewPOS is the software layer.",domestic,approved_hardware,
McDonald's,PAR Technology,pos,PAR approved hardware,approved_hardware_vendor,approved_hardware_vendor,active,,,,,yellow,operator_context,Operator-provided McDonald's vendor ecosystem correction 2026-05-27,,provisional,medium,"PAR is also an approved hardware vendor for McDonald's. This does not imply PAR owns the system-of-record POS software; NewPOS remains the system-of-record POS layer.","Preserve as a distinct hardware-approval edge. Useful for McDonald's hardware/service ecosystem mapping and PAR relationship relevance, not a POS displacement claim.",domestic,approved_hardware,
McDonald's,MAPS,pos,NCR and PAR equipment resale / installation / service,hardware_reseller_service_provider,service_provider,active,,,,,yellow,operator_context,Operator-provided McDonald's vendor ecosystem correction 2026-05-27,,provisional,medium,"MAPS resells NCR and PAR equipment and retains McDonald's installation and service business. MAPS should be modeled as reseller/service coverage, not as hardware manufacturer or POS software owner.","This is a channel/service edge. Keep separate from NCR/PAR hardware approval and NewPOS system-of-record software.",domestic,reseller_service,reseller_installation_service
McDonald's,HP,pos,HP hardware,approved_hardware_vendor,approved_hardware_vendor,active,,,,,yellow,operator_context,Operator-provided McDonald's vendor ecosystem correction 2026-05-27,,provisional,medium,"HP is an approved hardware vendor for McDonald's internationally, but not domestically. This edge is international-only and must not be used as a US/domestic vendor claim.","Geography is the claim boundary. Surface HP only for international McDonald's hardware context unless corroborated domestic evidence appears.",international,approved_hardware,
Burger King,PAR Technology,pos,Brink POS,system_of_record_pos,active_rollout,active,3500,7000,,50,yellow,primary_vendor_announcement,PAR Technology Q3 2023 and Q4 2023 earnings calls and press releases,https://ir.par.com,partially_substantiated,medium,"PAR Brink POS being actively deployed across Burger King US franchisee network. Franchisee adoption in progress. Not yet full deployment. Replacing legacy NCR/Aloha in most markets.","Active rollout with material penetration. PAR has disclosed BK as a flagship Brink customer. Monitor rollout completion rate and franchisee acceptance. Competitive pressure from Oracle and others."
Burger King,NCR,pos,NCR Aloha POS,legacy_incumbent,replacing,historical,,,,,red,credible_trade_reporting,QSR industry coverage of Burger King technology transition 2022-2024,,partially_substantiated,medium,"NCR Aloha POS was the legacy system-of-record for significant portion of Burger King US franchisee base. Being displaced by PAR Brink rollout. Still present in markets where rollout is incomplete.","Legacy incumbent in active replacement. NCR relationship is declining. Useful signal for PAR penetration rate benchmarking."
Taco Bell,NCR,pos,NCR Aloha POS,system_of_record_pos,full_deployment,active,7500,,,,yellow,credible_trade_reporting,Yum! Brands technology disclosures and trade press,,partially_substantiated,medium,"NCR Aloha has been the primary POS platform for Taco Bell US locations. Yum! Brands has invested in digital integration layers on top of existing POS infrastructure.","Yum! Brands (TBL parent) has an ongoing digital investment agenda. Monitor for proprietary POS development or displacement signals within the Yum! ecosystem."
Wendy's,NCR,pos,NCR Aloha POS,legacy_incumbent,full_deployment,active,5800,,,,yellow,credible_trade_reporting,QSR industry technology coverage and Wendy's technology press,,partially_substantiated,medium,"NCR Aloha POS deployed across majority of Wendy's US company and franchise locations. Legacy system-of-record. Wendy's has explored digital ordering integrations layered on top.","Long-running incumbent. Wendy's technology roadmap has included digital ordering investment. Watch for displacement signals from PAR or Toast as franchise tech modernization continues."
Subway,Oracle,pos,Oracle MICROS POS,system_of_record_pos,full_deployment,active,19000,,,,green,credible_trade_reporting,Oracle MICROS QSR customer references and trade press,,partially_substantiated,medium,"Oracle MICROS deployed broadly across Subway US franchise network. MICROS is the system-of-record POS layer. Subway's franchise model means individual franchisee adoption can vary.","Entrenched Oracle MICROS deployment. Subway's distributed franchise model makes a wholesale replacement highly complex. Oracle relationship is stable."
Chick-fil-A,Chick-fil-A internal,pos,Proprietary POS,system_of_record_pos,full_deployment,active,3100,,,,green,credible_trade_reporting,Chick-fil-A technology blog and restaurant technology trade press,,partially_substantiated,medium,"Chick-fil-A develops and operates proprietary technology including POS. Known for vertical integration of restaurant technology. External vendor POS is not disclosed as the system-of-record.","Technology independence is a strategic posture for Chick-fil-A. Vendor displacement opportunity is low. Integration partnership is the relevant opportunity."
Domino's,Domino's internal,pos,PULSE POS,system_of_record_pos,full_deployment,active,6900,,,,green,primary_operator_statement,Domino's investor relations and technology press — PULSE POS has been publicly disclosed,,substantiated,high,"Domino's PULSE POS is a proprietary system developed and operated by Domino's corporate. Deployed across US company and franchise locations. One of the most cited examples of restaurant-owned technology in the industry.","Domino's is a technology-first brand. PULSE is deeply embedded. The relevant opportunity is integration (delivery middleware, loyalty, analytics) not POS displacement."
Chipotle,Oracle,pos,Oracle MICROS POS,system_of_record_pos,full_deployment,active,3600,,,,green,credible_trade_reporting,Chipotle technology disclosures and Oracle QSR case references,,partially_substantiated,medium,"Oracle MICROS is the system-of-record POS for Chipotle US locations. Chipotle has layered digital ordering and loyalty systems on top of MICROS.","Stable Oracle MICROS deployment. Chipotle's digital investment is extensive but at the digital/loyalty/ordering layer rather than POS replacement. Monitor for second-line stack changes."
Starbucks,Oracle,pos,Oracle MICROS POS,system_of_record_pos,full_deployment,active,16000,,,,green,credible_trade_reporting,Oracle retail/hospitality case studies and Starbucks technology disclosures,,partially_substantiated,medium,"Oracle MICROS widely cited as POS foundation for Starbucks US company-operated locations. Starbucks has developed extensive proprietary digital layers (app, loyalty, mobile order) on top of POS infrastructure.","POS layer is stable and Oracle-anchored. The strategic action is at the digital/loyalty/ordering layer where Starbucks builds proprietary. Not a displacement opportunity."
Dunkin',Radiant Systems,pos,Radiant POS,legacy_incumbent,full_deployment,active,9700,,,,yellow,credible_trade_reporting,Restaurant technology trade press and Dunkin' franchisee technology references,,provisional,low,"Radiant Systems (now part of NCR) cited as legacy POS platform for Dunkin' locations. Dunkin' franchise model means technology adoption is franchisee-driven. Current state may vary by market.","Legacy POS with moderate certainty. Dunkin' franchise model means centralized replacement is difficult. Treat as lead for verification rather than confirmed current state."
