"Record ID","First Name","Last Name","Lead Status","LinkedIn URL","How can we help you?","what do they do","who do they want","Email","Phone Number","Favorite Content Topics","Preferred channels","Website URL"
"233673791322","Zafar","","","","","","","zafar@kayana.co.uk","","","",""
"227578897418","Vik","Devjee","","","","","","vdevjee@bridgeglobalpartners.com","","","",""
"227069218322","Daniel","von Walzel","","","","","","daniel@growthventure.ai","","","",""
"226419584685","Adam","Kelemen","","","","","","adam@oscar.ai","","","",""
"225903735207","Gus","Stathes","","","","","","gus.stathes@barmetrix.com","","","",""
"225853214814","","","","","","","","dave@arrivanceadvisory.com","","","",""
"225853214813","","","","","","","","mw@wasdincompany.com","","","",""
"225853214812","","","","","","","","janice.mackler@quaildigital.com","","","",""
"225853214811","","","","","","","","stefan@elevatebackoffice.com","","","",""
"225853214810","","","","","","","","marshaedmands@outlook.com","","","",""
"225853214809","","","","","","","","dgoldstein@franklinjunction.com","","","",""
"225853214808","","","","","","","","tammy@signalflare.ai","","","",""
"225853214807","","","","","","","","sam.kaufman@hilltopfb.com","","","",""
"225853214806","","","","","","","","hugo@huheha.com","","","",""
"225853214805","","","","","","","","clark.matthews@gmail.com","","","",""
"225853214804","","","","","","","","jgunn.cia@gmail.com","","","",""
"225853214803","","","","","","","","thejasongunn@gmail.com","","","",""
"225853214802","","","","","","","","janice.wetter@allpointsmgt.com","","","",""
"225853214801","","","","","","","","drewholst@gmail.com","","","",""
"225853214800","","","","","","","","chiefitguru@gmail.com","","","",""
"225853214799","","","","","","","","jeremy.terman@7shifts.com","","","",""
"225853214798","","","","","","","","gennadiy.goldenshteyn@gmail.com","","","",""
"225853214797","","","","","","","","preston@milesquarelabs.com","","","",""
"225853214796","","","","","","","","rbsuzu@gmail.com","","","",""
"225853214795","","","","","","","","jedkleckner@gmail.com","","","",""
"225853214794","","","","","","","","josh.glantz@gmail.com","","","",""
"225853214793","","","","","","","","ali.m.akbar15@gmail.com","","","",""
"225853214792","","","","","","","","tanvir@tbxdigital.com","","","",""
"225853214791","","","","","","","","pmolinari@popcorngtm.com","","","",""
"225853214790","","","","","","","","kevinnemeth@gmail.com","","","",""
"225853214789","","","","","","","","kayla@gotorched.com","","","",""
"225853214788","","","","","","","","samzats@gmail.com","","","",""
"225853214787","","","","","","","","nmrobillard@gmail.com","","","",""
"225853214786","","","","","","","","steven.senzer@gmail.com","","","",""
"225853214785","","","","","","","","mvorsanger@gmail.com","","","",""
"225853214784","","","","","","","","joann@topiventures.com","","","",""
"225853214783","","","","","","","","justin@techopx.com","","","",""
"225853214782","","","","","","","","ssidwell@specificgravitygroup.com","","","",""
"225853214781","","","","","","","","brian@shinegtm.com","","","",""
"225853214780","","","","","","","","chad@inctankgtm.com","","","",""
"225853214779","","","","","","","","petergosdanian@gmail.com","","","",""
"225853214778","","","","","","","","cmunz@restauranttechpartners.com","","","",""
"225853214777","","","","","","","","gregory.zamfotis@gmail.com","","","",""
"225853214776","","","","","","","","jradow@gmail.com","","","",""
"225853214775","","","","","","","","mpodorsky@gmail.com","","","",""
"225853214774","","","","","","","","fy2299@barnard.edu","","","",""
"225853214773","","","","","","","","fabio@foodsense.tech","","","",""
"225853214772","","","","","","","","mq@qmethodgtm.com","","","",""
"225870166457","Olivia","Nielsen","","","","","","olivia@theperfecthire.co","","","",""
"224548656443","","","","","","","","ish@kindbase.com","","","",""
"224548656442","","","","","","","","todd@bridgepointops.com","","","",""
"223905690141","Elizabeth","Jenswold","","","","","","ejenswold@thehrc.com","","","",""
"222394466841","Hassan","Choudhury","","","","","","hchoudhury@eragroup.com","","","",""
"222129234217","Noelle","Labrie","","","","","","noelle@tri-skillconsulting.com","","","",""
"220140533603","Ashwin","Rajput","","","","","","ashwin.rajput@outlook.com","","","",""
"219899902535","Patrick","Nelson","","","","","","patrick@matrixsoftwaresolutions.com","","","",""
"219114945577","Meghan","Winn","","","","","","mwinn@rti-inc.com","","","",""
"217715116800","James","Maddalena","","","","","","jamesleemaddalena@gmail.com","","","",""
"216695480188","Guy","Salisch","","","","","","gsalisch@vfsna.com","","","",""
"215540031007","Paul","","","","","","","paul.radu@glimpsecorp.com","","","",""
"215275577997","Ish","Singh","","","","","","ish@maho.ai","","","",""
"214037619838","Bob","Gibson","","","","","","robert.gibson@toasttab.com","","","",""
"213970001709","Elise","","","","","","","elise@mycompanyx.com","","","",""
"212753978475","Howard","Gordon","","","We are looking for a company with hospitality contacts to be placed in front of with our advanced technology","","","howard@getcurate.com"," +13106002080","","",""
"212550851158","Jared","MIZRAHI","","","","","","mizauctionsllc@gmail.com","","","",""
"212035929487","Bob","Hansen","","","","","","bhansen@vcomsolutions.com","","","",""
"210578953814","Mike","Schwartz","","","","","","michael.schwartz@globalpayments.com","","","",""
"209901524291","Todd","Lawrence","","","","","","toddrobertlawrence@gmail.com","","","",""
"209528140375","Christina","Kapeli","","","","","","christina.kapeli@dialecticanet.com","","","",""
"208563107509","spencer","","","","","","","spencer.goodman@conversenow.ai","","","",""
"208095935585","Eman","Abdur-Rahman","","","","","","eman@yourvirtualkeeper.com","","","",""
"207564832677","Frankie","Lopez","","","","","","frankie@makingchangeinc.com","","","",""
"207481740657","Brian","Petro","","","","","","brian@brightproductions.com","","","",""
"207021253186","Reuben","Swartz","","","","","","reuben@mimiran.com","","","",""
"206834840973","Jeffrey","Jean","","","","","","jeffrey@pivotapp.ca","","","",""
"206816848685","Michelle","Foote","","","","","","michelle.foote.solutions@gmail.com","","","",""
"206760370762","Page","Driscoll","","","","","","page.driscoll@commpayhr.com","","","",""
"206659693951","Russell","Munday","","","","","","russell@factory8.co.uk","","","",""
"206303136028","Erika","Till","","","","","","erika@riselightco.com","","","",""
"205936505914","Het","Patel","","","","","","het@anitum.com","","","",""
"205903581246","Deron","Coleman","","","","","","dcoleman@eatsbroker.com","","","",""
"205881813295","Thomas","Macchia","","","","","","tmacchia@technav.co","","","",""
"205627810580","David","Hudson","","","","","","david@hudsonhouse.io","","","",""
"203623365682","Brittany","Tamul","","","","","","brittany.tamul@insidetrackdata.com","","","",""
"203323518854","J.","J. Checki III, CFP®","","","","","","jj@checkifinancial.com","","","",""
"203017983066","Matt","Lovell","","","","","","matt@wholegrainsolutions.com","","","",""
"202714080677","Don","Oehlert","","","","","","don@ecareercoaching.com","","","",""
"201961076338","Don","Jose Mathew","","","","","","don@oronium.com","","","",""
"201817611549","Thomas","Wheat","","","","","","thomas@northtexaspayments.com","","","",""
"201493329972","Jeremy","Julian","","","","","","jeremy.julian@cbsnorthstar.com","","","",""
"200382620672","Matt@youda.co","","","","","","","matt@youda.co","","","",""
"199732853335","Chris","Venus","","","","","","chris@nory.ai","","","",""
"199185111597","Julian","Brown","","","","","","julian.brown@changespecialists.co.uk","","","",""
"197947970102","Michelle","Krogmeier","","","","","","michelle@overgo.ai","","","",""
"197947656584","Cheri","Kyle","","","","","","my2boys47@yahoo.com","","","",""
"197029885724","Rob","Felt","","","","","","robert.felt@heartland.us","","","",""
"196851167802","Winston","Jaeb","","","","","","wsj@citycheers.net","","","",""
"196750794841","Jozef","Ogrodny","","","","","","jogrodny@focalpointcoaching.com","","","",""
"196721984912","Jason","Zantjer","","","","","","jason.zantjer@marshmma.com","","","",""
"196715702126","Anthony","Grant","","","","","","asgrant@criadv.com","","","",""
"195563875909","Steven","Lawrence ","","","","","","stevenlawrence10@gmail.com","","","",""
"195518788136","Chris","Guido","","","","","","cguido@shoresys.com","","","",""
"195434938212","Spencer","Amadon","","","","","","spenceramadon@gmail.com","","","",""
"194970075394","Tyler","Schrameck","","","","","","schrameck73@gmail.com","","","",""
"194549081747","Matt","Rosenthal","","","","","","matt.rosenthal.tx@gmail.com","","","",""
"194141513877","John","Thomas Browning","","","","","","jbrowning@advocacyinvesting.com","","","",""
"193866334235","Dimitris","Fournaris","","","","","","dfournaris@intwineconnect.com","","","",""
"193408940946","Frank","Fennell","","","","","","frank@klosebuy.com","","","",""
"193121809776","myke","mueller","","","","","","myke@n86.app","","","",""
"193094612347","Daniel","Martinez","","","","","","daniel@qnsnow.com","","","",""
"193140216476","Spencer","Amadon / Mark Suleman","","","","","","spencer@delivr.co","","","",""
"193130435749","Nicole","Kopaczewski","","","","","","nicole@nicolekopac.com","","","",""
"193107985682","Kevin","Quinn - per KJ","","","","","","kevin@pivotnowpartners.com","","","",""
"192693687911","Adam","Peters","","","","","","adam.peters@schooleymitchell.com","","","",""
"192146406795","Ian","McGill","","","","","","ian.mcgill@schooleymitchell.com","","","",""
"191667788115","Drew","Geffin","","","","","","drew.geffin@solvoglobal.com","","","",""
"191685754405","J.","Baron Lesperance","","","","","","jblesperance@confidantconsult.com","","","",""
"191492361273","Jillian","J Majka","","","","","","jillian.majka@gmail.com","","","",""
"191174477496","Justin","Maynard","","","","","","justinm@mayn1.com","","","",""
"191131229289","Steven","Einbinder","","","","","","steven.einbinder@gmail.com","","","",""
"191113514673","Maggie","Benson","","","","","","maggie@surecheckbackground.com","","","",""
"190338660785","mollie","","","","","","","mollie@spring-forge.com","","","",""
"190186461061","Crystal","Overstreet","","","","","","coverstreet82@gmail.com","","","",""
"189644701471","David","Drinan","","","","","","david@blackthornstrategicadvisors.com","","","",""
"189499626149","Dana","Hall","","","","","","danahall0521@gmail.com","","","",""
"189226896441","WInston","Jaeb","","","","","","wsj@citycheers.com","","","",""
"189221927502","Chris","Pace","","","","","","rapidopace@gmail.com","","","",""
"188931226434","Chris","Szewczyk","","","","","","chris@xeniaplatform.io","","","",""
"187888586027","Brian","Hallinan","","","","","","brian.itekk@gmail.com","","","",""
"188032522632","Kshitiz","Sanghi","","","","","","kshitiz@voosh.in","","","",""
"187497697699","Mike","DeMarco","","","","","","mike@meldcx.com","","","",""
"187481385605","Alexander","Mondlock","","","","","","alex@simplygoldco.com","","","",""
"186969608564","Rebecca","Salvador","","","","","","rnaxfield27@gmail.com","","","",""
"187158730319","Matthew","Venegas","","","","","","matt.venegas@insperity.com","","","",""
"186835129983","Lisa","Egbert","","","","","","losa.egbert@zutek.com","","","",""
"185321333275","Patrick","Bobrukiewicz","","","","","","genpax1212@gmail.com","","","",""
"184632665473","Muhammad","Faizan Khan","","","","","","sardar.iiui@gmail.com","","","",""
"184476699652","Oleg","Moskalensky","","","","","","oleg@pcs-works.com","","","",""
"184135019066","Sara","Waskow","","","","","","swaskow@frannet.com","","","",""
"183875325024","Colin","Strong","","","","","","colin@finserve360.com","","","",""
"183707328139","Cary","Clayborn","","","","","","cary@profitinc.com","","","",""
"183698228061","Andrew","Murphy","","","","","","andrew@tideandledger.com","","","",""
"183453220526","Adrian","Federico","","","","","","adrian.federico@buyersedgeplatform.com","","","",""
"183378558533","Patrick","Bobrukiewicz","","","","","","patrick@bobrukiewicz.com","","","",""
"183239344566","Jenna","Gallagher","","","","","","jdgallagher1014@gmail.com","","","",""
"183104440964","Kristin","Nordling","","","","","","knordling@lakesidehrgroup.com","","","",""
"183075214386","Staci","Drilling","","","Connections Bridge - Lite","","","sdrilling@jumpstartpeople.com"," +17138762079","","",""
"182670079548","Oliver","","","","","","","toliverlee@gmail.com","","","",""
"182501335456","Faizan","Khan","","","","","","faizan@tackonlabs.com","","","",""
"181938181170","Anonh","Khouvongsavanh ","","","","","","anonh.khouvongsavanh@employmenthero.com","","","",""
"181835972652","Jason","E Bowman","","","","","","jason.bowman@budderfly.com","","","",""
"181499446604","Chris","Cushing","","","","","","chris@va-victory.com","","","",""
"181432787600","Sudarshan","V ","","","","","","buildwithus@trikonatech.com","","","",""
"180938526118","Nathaniel","Miller","","","","","","nathaniel@dadsgrowthlab.com","","","",""
"179231699977","Jose","Torres","","","","","","jose@longfisolutions.com","","","",""
"179196625566","Josh","Gardner","","","Sales","","","joshg@cipesolutions.com"," +12518956675","","",""
"178986793336","Danielle","Page","","","","","","dpage@advisorhr.net","","","",""
"177535687205","Melvin","Daniel","","","","","","melvin@infodataplace.com","","","",""
"177578420287","Atul","Sood","","","","","","atul@soodadvisory.com","","","",""
"177092144532","Robert","Felt ","","","","","","robert.felt@e-hps.com","","","",""
"176705731620","Brandon","Miller","","","","","","millerbrandon2121@gmail.com"," +1 484-747-9795","","",""
"176387038015","Brian","Gallagher","","","","","","gallagherb@gmail.com"," +1 678-221-7217","","",""
"176384260772","Neil","Newman","","","","","","neil@wegather.info"," +44 7966 477176","","",""
"174733260459","Jade","Floyd","","","","","","jfloyd@breakawayadvising.com"," +1 503-683-3229","","",""
"174339868982","Samuel","Bastian","","","","","","samuel@purimax.co"," +1 801-882-1980","","",""
"174469022483","Annette","Blaylock","","","","","","annette@insightsmediasolutions.com"," +1 817-946-5095","","",""
"174141807981","Ruth","Mallon","","","","","","elastigirl@storytellerpromotions.com","","","",""
"174105865519","keith","gellman","","","","","","keith@restaurantdata.com","","","",""
"173883622302","Zak","Bertram","","","","","","zak.bertram@apexorderpickup.com"," +1 513-477-3229","","",""
"172397510051","Maulik","Kanani","","https://www.linkedin.com/in/kmaulik/","","","","mk.globalia@gmail.com","","","",""
"172263930149","Milind","Wankhede","","https://www.linkedin.com/in/milindwankhede/","Looking for collaboration / partnership","","","milind@digirestro.ai"," +18483917380","","",""
"172215526668","John","Crowe","New","https://www.linkedin.com/in/crowej/","","","","john@voucherconnect.com"," +353 86 829 5099","","",""
"172213550897","David","Kaun","","https://www.linkedin.com/in/david-kaun-24373511/","","","","dkaun@enconsupplies.com"," +1 214-707-8781","","",""
"171979189155","Pedja","Radjenovic","","","","","","pr@wtnv.ca"," +1 647-229-2108","","",""
"171878196848","Cijoy","Olickal","","","","","","cijoy@gmpilot.com","","","",""
"171809053354","Vincenzo","Puleio","","","","","","vin.puleio@gmail.com","","","",""
"171630930968","Brittany","Williams","","","","","","brittany.williams@theaccessgroup.com"," +1 714-598-7166","","",""
"171369661736","Jonathan","Presley","","","","","","jonathanpresley@healthcues.com"," +1 404-271-7424","","",""
"170755140366","Kenneth","Pilcher","","","","","","kenneth.pilcher@mercer.com"," +1 713-301-8609","","",""
"170694004762","Brandon","","","","","","","brandon.rabinowitz@shipday.com"," +1 416-836-2263","","",""
"170320350620","Amy","","","","","","","amy.spytko@ncrvoyix.com","","","",""
"170084126869","Gia","Luciano","","","","","","gia@thetoastchick.com"," +1 949-648-2686","","",""
"169279396930","Sarah","McAloon","","","","","","smcaloon@deltaco.com"," +1 972-983-4513","","",""
"169286932749","Sheryar","","","","","","","sheryarkayani70@gmail.com"," +92 304 5972450","","",""
"168413810078","Jeff","Weaver","","","","","","jeff@myquickresults.com"," +1 972-489-9053","","",""
"166682958168","Garrett","","","","","","","garrett.chapel@365rm.com"," +1 702-217-2382","","",""
"166413797635","Lauren","Lloyd ","","","","","","laurenlloyd1122@gmail.com","","","",""
"165847936926","Hutch","","","","","","","hutch@lonestarpayments.us"," +1 409-791-8225","","",""
"165899735137","Ovais","","Networking","https://www.linkedin.com/in/ovaisurrahmankhan/","","","","mail@retailwing.com"," +966 50 122 1673","","",""
"165838746203","Mike","Porto","","","","","","mike@filtertracker.com"," +1 717-413-7888","","",""
"165627074739","Chason","Forehand","","","","","","chason.f@hr-4u.org","","","",""
"164551149153","Eric","Abrams","","","","","","eric@shiftyinc.com","","","",""
"164241744537","Angie","Eckelkamp","Networking","","","","","aeckelkamp@kilwinsfranchise.com","","","",""
"163919308198","Jameson","Chatman","","","","","","drearlchatman@gmail.com"," +1 423-741-5341","","",""
"163896605774","Ed","Garner","","","","","","ed.garner@gomaps.com"," +1 620-931-0264","","",""
"163795162777","Allie","Harrison","","","","","","allie@heardhive.com","","","",""
"163614038451","B","Dog","","","","","","brandon@voosh.ai"," +1 416-836-2263","","",""
"163628691844","Robert","Calilli","","","","","","rcalilli@gmail.com"," +1 914-804-6600","","",""
"163580221360","Tom","Bennett","","","","","","tom.bennett@usi.com"," +1 978-501-4142","","",""
"162853442428","Mark","Moeller","Networking","","","Fractional Coo","other fractional, smaller restaurants","mark@recipeofsuccess.com","","","",""
"162771755123","Duffy","Thomas","","","","","","otbcubs@yahoo.com"," +1 978-996-2749","","",""
"162682992040","Kevin","Morrison","","","","","","kevin@butterhospitality.com"," +1 303-990-7817","","",""
"162739166840","Adam","cobb","","","","","","chef.a.cobb@icloud.com"," +1 949-558-8528","","",""
"162786201962","Gileana ","Sonfield","Networking","https://www.linkedin.com/in/gileana-sonfield/","","HR systems ","HR folks - Anyone in Operations - transportation, manufacturing, construction
","gileana.sonfield@insperity.com","","","",""
"162778618727","Zana","DeVine","","","","","","zana@zdhospitality.com"," +1 323-307-1337","","",""
"162690096146","Bruce","Nelson","","","","","","bruce@peakfinancialperformance.com"," +1 651-470-7067","","",""
"162417632822","Tina","Snouffer","Networking","https://www.linkedin.com/in/tina-snouffer-8a2510b/","","","","aisalesgenie@gmail.com","","","",""
"161998640688","Brian","Morgan","","","","","","bmorgan@thinkdeeplywriteclearly.com","","","",""
"161713894525","Chad","King","","","","","","chad.king@ayokasystems.com"," +1 817-914-0760","","",""
"161731559224","Channing","Smith","","","","","","channing.smith.m@gmail.com"," +1 614-381-6308","","",""
"161714166120","Alejandro","Swaby","Networking","","","","","alejandro.swaby@dev.pro"," +1 908-692-6344","","",""
"161675478318","Dave","Sanderson","Networking","https://www.linkedin.com/in/dave-sanderson-88976226/","","Freedom Pay
","","david.sanderson@freedompay.com","","","",""
"161670267726","Jim","Jackson","","","","","","jim.jackson@nettechnology.com"," +1 608-217-6275","","",""
"161431564084","Balachander","Subramaniam","New","","","","","bala@deliverycollective.com"," +1 425-802-4656","","",""
"161370595738","Lisa","Scroggins","","","","","","lscroggins@grubbrr.com"," +1 214-491-9389","","",""
"161233503612","adam","wyden","Networking","https://www.linkedin.com/in/adam-wyden-473b8110/","","Investor in PAR
","","adam@adwcapital.com"," +1 917-543-9995","","",""
"160641751730","Nikhil","Lagoo","New","https://www.linkedin.com/in/nikhillagoo/","","","","nikhil.lagoo@xprpos.com"," +1 201-399-3699","","",""
"160478335761","Mark","Herre","","","","","","seogamelocal@gmail.com"," +1 801-921-3625","","",""
"160389143307","Verlen","Larsen","","","","","","verlen@verlenlarsen.com"," +1 308-380-1151","","",""
"160455953332","Anna "," Ludwinowski","Networking Starting Lineup","","","","","anna@asmallbusinesslife.com","","","",""
"160202256670","Christina","Rossini","","","","","","christina@floreat.consulting","","","",""
"160136991117","David","Rutkauskas","Networking","https://www.linkedin.com/in/davidrutkauskas-38b81829/","","","","davidr@tworld.com"," +1 918-850-6762","","",""
"160122537259","Amy","Pierquet","","","","","","amy@waterfrontgraphic.com"," +1 608-669-4677","","",""
"160097867599","Jonathan","Pritchard","","","","","","me@jonathanwpritchard.com","","","",""
"159798502562","Donnie","Boivin","","","","","","donnie@donnieboivin.com","","","",""
"158807168087","Ashlyn","Freeman ","","","","","","ashlyn.freeman@qpsemployment.com","","","",""
"158533560404","stephen","crockett","Networking","","","Telecom expense management
","MSPs and IT providers","scrockett@evolvesolutionsinc.com"," +1 303-645-4208","","",""
"158480317349","Lynne","DeVall","","","","","","lynne.devall@cbsnorthstar.com"," +1 480-694-5296","","",""
"158429844601","Wes","Renard","","","","","","wes@prairiefoxpayments.com"," +1 817-502-2573","","",""
"158196911524","Steven","Lawrence","","","","","","steven@lawrencecoaching.com","","","",""
"157850366759","Paul","McCarthy","Networking","","","","","paulemccarthy99@gmail.com"," +1 817-689-4404","","",""
"157566920593","Simon","Zatyrka ","Networking Starting Lineup","https://www.linkedin.com/in/simon-zatyrka/","","Leadership coaching","","simon@culinarymechanic.com","","","",""
"157404465044","Tracy","Neal","Networking","https://linkedin.com/in/tracy-neal-a3658a246","","","","tracy.neal@blackriflecoffee.com","7065945806","","",""
"157414405660","John","C. Metz","Networking","https://linkedin.com/in/johncmetz","","","","jmetz@rremc.com","5616842101","","",""
"157414405658","Steve","Funk","Networking","https://linkedin.com/in/steve-funk-aa948432","","","","steve.funk@appstem.com","6143141637","","",""
"157409914680","Jed","Sullivan","Networking","https://linkedin.com/in/jed-sullivan-90293118","","","","jed.sullivan@eataly.com","6175499289","","",""
"157408520805","Ke","Wegner","Networking","https://linkedin.com/in/kevin-wegner-b8773023","","","","kwegner@rdspos.com","2622244667","","",""
"157388965281","Seyi","Oshinowo","Networking","https://linkedin.com/in/seyioshinowo","","","","soshinowo@meta.com","5109285273","","",""
"157408831056","Ian","Rehmet","Networking","https://linkedin.com/in/ian-rehmet-880432184","","","","ian@summermoondfw.com","8179831707","","",""
"157401986193","Jon","Evans","Networking","https://linkedin.com/in/jon-evans-151788235","","","","jon@tiphaus.com","7027564733","","",""
"157432333572","Maarten","Potjer","Networking","https://linkedin.com/in/maarten-potjer-037615","","","","maarten.potjer@ecolab.com","","","",""
"157415024739","Kevin","Jaskolka","Networking","https://linkedin.com/in/kevinwjaskolka","","","","kevin.jaskolka@itsacheckmate.com","3157232187","","","http://itsacheckmate.com"
"157406012214","Zain","","Networking","","","","","zain@agasrestaurant.com","8328005080","","",""
"157388965280","Ryan","Hart","Networking","https://linkedin.com/in/ryanthart","","","","ryan@1957hospitality.com","7049685182","","",""
"157434318714","Liz","Coster","Networking","","","","","liz.coster@yum.com","8053021587","","",""
"157405391998","Jessica","Jennings","Networking","https://linkedin.com/in/jessica-jennings-a4500215a","","","","jessica.jennings@loves.com","6613401175","","",""
"157404928044","Ira","Fils","Networking","https://linkedin.com/in/ira-fils-a25a7834","","","","ifils@elpolloloco.com","","","","http://www.elpolloloco.com"
"157404774423","Solamon","Estin","Networking","","","","","sestin@squareup.com","5416015679","","",""
"157430128137","Zein","Sweis","Networking","https://linkedin.com/in/zsweis","","","","zein.sweis@torchystacos.com","","","","http://www.torchystacos.com"
"157412701698","Robert","Tuttle","Networking","","","","","rtuttle@sscpmanagement.com","2149240062","","",""
"157411928335","Daniel","Smith","Networking","https://linkedin.com/in/danielsmith7","","","","dsmith@rustytaco.com","","","","https://rustytaco.com/"
"157408983854","Brandon","Carlisle","Networking","","","","","brandon.myfunporta@gmail.com","8304869101","","",""
"157402296711","Nicole","Blackman","Networking","https://linkedin.com/in/nicoleblackman820","","","","nicole_blackman@partech.com","7739722410","","",""
"157410067234","Karl","Ruter","Networking","https://linkedin.com/in/karlruter","","","","karl.ruter@partech.com","8478140812","","",""
"157404465042","Adam","Poirier","Networking","https://linkedin.com/in/adam-poirier-501b1637","","","","adam.poirier@deliverect.com","6475749508","","",""
"157405237684","Jerry","Phillips","Networking","https://linkedin.com/in/jerry-phillips-06a14110","","","","jphillips@wbhq.com","2104888500","","",""
"157389586322","Alain","Souligny","Networking","https://linkedin.com/in/alainsouligny","","","","asouligny@woworksusa.com","","","","http://www.woworksusa.com"
"157406631770","Mark","Barakat","Networking","https://linkedin.com/in/mark-barakat-264442b","","","","mark@dfwoilenergy.com","(972) 458-5353","","","http://www.dfwoilenergy.com"
"157420032045","Nate","Jones","Networking","","","","","nate.jones@yum.com","8177218210","","",""
"157412548385","Anthony","Savini","Networking","https://linkedin.com/in/anthonysavini","","","","anthony.savini@decisionlogic.co","4255017445","","",""
"157472802335","Sophia","Goldberg","Networking","https://linkedin.com/in/sophiagoldberg1","","","","sophia@getansa.com","","","","http://www.ansa.dev"
"157433000499","Katherine","Barone","Networking","https://linkedin.com/in/katherine-a-barone","","","","kbarone@redlobster.com","2812362551","","",""
"157411928334","Ben","Johannes","Networking","https://linkedin.com/in/ben-johannes-1b617ab","","","","bjohannes@rbi.com","2024879126","","","http://firehousesubsfranchising.com"
"157411928333","Stephen","Brown","Networking","https://linkedin.com/in/stephen-brown-0b12ba10","","","","stephen.brown@burgerking.co.nz","0278077460","","",""
"157402296710","Brett","Bruns","Networking","https://linkedin.com/in/brett-bruns","","","","bbruns@ctillc.com","9169318773","","",""
"157415644681","Lee","Howley","Networking","","","","","lee3@howley.company","4402287361","","",""
"157410067233","Allie","Haskell","Networking","https://linkedin.com/in/alliehaskell","","","","allie.haskell@cbsnorthstar.com","94934043310","","",""
"157421751594","Michael","Brennan","Networking","https://linkedin.com/in/michael-brennan-7008b514","","","","mbrennan@srcmail.com","7146424459","","",""
"157412701697","Min","Choe","Networking","https://linkedin.com/in/mchoe","","","","min@tsochinese.com","5127734441","","",""
"157411928332","Alex","Fedorchuk","Networking","","","","","alexeu@finedesigns.com","9162302838","","",""
"157411773504","Michael","Griffin","Networking","https://linkedin.com/in/michael-griffin-436bbba7","","","","mgriffin@wbhq.com","2106067323","","",""
"157404774422","Michael","J. Manzo","Networking","https://linkedin.com/in/mike-manzo-89a7549","","","","mmanzo@jerseymikes.com","7322234044226","","","http://jerseymikes.com"
"157420032044","Jen","Esnough","Networking","https://linkedin.com/in/jennifer-wesman-esnough-397b048","","","","jesnough@cariboucoffee.com","6123962702","","",""
"157406012213","Chris","Lucas","Networking","https://linkedin.com/in/chris-lucas-8341b111","","","","chris.lucas@penn-station.com","","","",""
"157404465041","Scott","O'Neill","Networking","","","","","scott.oneill@somoscmi.com","2146799220","","",""
"157430281879","Larry","Linen","Networking","https://linkedin.com/in/tina-wagers-9b60079","","","","llinen@hoabrands.com","6785714446","","",""
"157409295258","Jaime","Nino","Networking","","","","","jaime.nino@applebees.com","9092475375","","",""
"157418472509","Ron","Dinella","Networking","","","","","","","","","http://www.ascenthm.com"
"157408831055","Shannon","Brooks","Networking","https://linkedin.com/in/shannonbrooks12","","","","shannon.brooks@consolidatedconcepts.net","7272249763","","",""
"157388965279","Patrick","Gallagher","Networking","https://linkedin.com/in/patrick-gallagher-9a1112114","","","","patrick.gallagher@torchystacos.com","","","","http://www.torchystacos.com"
"157421597811","Vanesa","Rodriguez","Networking","https://linkedin.com/in/vanesa-rodriguez-esteban-245700124","","","","rodriguez_v@subway.com","","","",""
"157416603152","Dean","L. Schmaus","Networking","","","","","deanschmaus@gmail.com","3214029977","","",""
"157412701696","Keith","Engler","Networking","","","","","kengler@inspirebrands.com","9544010621","","",""
"157403379301","Ricky","Richardson","Networking","https://linkedin.com/in/ricky-richardson-971b0012","","","","ricky.richardson@eggsupgrill.com","2146953401","","","http://www.eggsupgrill.com"
"157388965278","Jed","Sullivan","Networking","https://linkedin.com/in/jed-sullivan-90293118","","","","jed@openlockers.com","6175499289","","",""
"157388813633","Robert","Peterson","Networking","","","","","","","","",""
"157474685879","Payton","Victoria Wormley","Networking","","","","","pwormz91@gmail.com","8052155003","","",""
"157433000498","Patrick","Gilchrist","Networking","https://linkedin.com/in/patrick-gilchrist-8979303","","","","pgilchrist@leduffamerica.com","","","",""
"157421597810","Juliana","Pflugfelder","Networking","","","","","juliana.pflugfelder@gmail.com","6513473590","","",""
"157408520804","Ariel","Olivo","Networking","https://linkedin.com/in/ariel-olivo","","","","ariel.olivo@sodexo.com","6145865672","","",""
"157404774421","Bill","Lindsey","Networking","https://linkedin.com/in/bill-lindsey-b232837","","","","bill@cogs-well.com","7753939775","","",""
"157401212490","Peter","Wiley","Networking","https://linkedin.com/in/peter-wiley-5748102b","","","","peter@hotheadburritos.com","5414603403","","",""
"157389274975","Kevin","Truong","Networking","https://linkedin.com/in/kevin-truong-2021","","","","kevin.truong@torchystacos.com","(512) 617-8353","","","http://www.torchystacos.com"
"157432333571","Kevin","Clements","Networking","https://linkedin.com/in/kevin-clements","","","","kevin.clements@honorbuilt.com","5025541655","","",""
"157405237683","jonathan.sharp@fbrest.com","Sharp","Networking","https://linkedin.com/in/jonathan-sharp-597491ab","","","","jonathan.sharp@fbrest.com","5012497608","","",""
"157404618833","Neal","E Sherman","Networking","https://linkedin.com/in/neal-sherman-0781016","","","","nsherman@tagexbrands.com","5852596353","","",""
"157402761794","William","Washington","Networking","","","","","wwashington@timhortons.com","3053783078","","",""
"157430281878","Patrick","Cormany","Networking","https://linkedin.com/in/pcormany","","","","pcormany@pointb.com","8029996448","","",""
"157418988325","Mark","Wolok","Networking","https://linkedin.com/in/mark-wolok-274451151","","","","mark.wolok@savvysliders.com","2488974442","","",""
"157418628681","Jos","","Networking","https://linkedin.com/in/jose-antonio-dominguez-9b816a53","","","","jdominguez@enjoygroup.net","'+50660440819","","",""
"157412858189","Jason","'- CEO @ Popl","Networking","","","","","jason11ac@gmail.com","","","",""
"157403536425","Guy","Carney","Networking","https://linkedin.com/in/guy-carney-39830724","","","","guy@pizzapatron.com","","","","http://www.pizzapatron.com"
"157406940777","Michael","T Beck","Networking","","","","","mbeck@popcorngtm.com","","","",""
"157409448860","Kelsey","Regier","Networking","https://linkedin.com/in/kelsey-regier-85460a9","","","","kelsey.regier@scooterscoffee.com","4029688227","","",""
"157430996393","Dean","T. Haskell","Networking","https://linkedin.com/in/dean-haskell-8654b14","","","","dhaskell@nrcpartners.com","4157264450","","",""
"157473388563","Kiel","Hallerud","Networking","https://linkedin.com/in/kiel-hallerud-0a6a7810b","","","","kiel.hallerud@loves.com","8168142143","","",""
"157413785001","Jarrod","Newman","Networking","","","","","jarrod.newman@washburnpos.com","2145020472","","",""
"157404155436","Popl","","Networking","","","","","support@popl.co","15106501841","","",""
"157433938179","Ja","Deri","Networking","","","","","j.deri@afdgroup.net","8179995647","","",""
"157433000496","Louis","Cantu","Networking","","","","","louis@useferry.com","8325490447","","",""
"157388813632","Rebecca","Durica Rasch","Networking","https://linkedin.com/in/rebecca-durica-rasch-48380b64","","","","rebecca_durica@papajohns.com","2245586432","","",""
"157420690798","Mr.","Charles T Reiser","Networking","https://linkedin.com/in/cyndi-harles-63a2599","","","","charles@blueribbonrestaurants.com","6315233122","","",""
"157418472508","Yamato","Miura","Networking","","","","","info@bungeiz.com","8182913549","","","http://www.bungeiz.com"
"157405548601","Monty","Whitehurst","Networking","https://linkedin.com/in/monty-whitehurst-08626213","","","","montyw@goldenchick.com","9728310911","","",""
"157404465039","Robert","Bird","Networking","https://linkedin.com/in/robert-bird-763abb2a6","","","","rbird@aesgroupllc.com","7703131973","","","http://www.aesrestaurants.com"
"157422208379","John","Scott","Networking","https://linkedin.com/in/johnwscottctp","","","","john.scott@angrychickz.com","","","","https://angrychickz.com/"
"157430281876","Mike","""sully"" Sullivan","Networking","","","","","sullysundevil@gmail.com","7735316936","","",""
"157434318713","Matt","Wampler","Networking","https://linkedin.com/in/matthewjwampler","","","","matt@clearcogs.com","2173699755","","",""
"157371562653","John","Surabian III","Networking","https://www.linkedin.com/in/johnsurabian/","","email marketing and brand recognition
","","john@clickableimpact.com"," +1 407-807-9584","Operational","",""
"157302964128","Godley","Varghese","Networking","https://www.linkedin.com/in/godley-varghese/","","Estate Planning - Life insurance","","gvarghese@cpsprivateclientsolutions.com"," +1 917-747-0773","Financial","",""
"157312652653","Ashley","Dawson","Networking","https://www.linkedin.com/in/ashley-dawson-mba-sphr-lssgb-6713b6142/","","Fractional HR work less than 100 employees
","smaller brands - 100 employees or less","truehrexperts@gmail.com"," +1 804-316-8892","HR","Linkedin",""
"157299459990","Kevin","D. Turner","Networking","https://www.linkedin.com/in/president/","","transition services, linkedin profiles
","","kevin@tntbrandstrategist.com","","HR","",""
"156147829373","Pierre","Bauzee","Networking","https://www.linkedin.com/in/pierre-bauzee-233b058b/?locale=en_US","","","","contact@beyondsatisfaction.co.uk","","","",""
"155592788152","Chad","Clayton","Networking","https://www.linkedin.com/in/chad-clayton-1a126340/","","","","chad@clayton-creative.com"," +1 918-876-2895","","",""
"154829824919","Daran","Adair","Networking","https://www.linkedin.com/in/daran-adair-service-hospitality-integrity/","","","","dadair@a-chospitality.com"," +1 952-210-1593","","",""
"154464526595","Sérgio","Rodrigues","Networking","https://www.linkedin.com/in/slrodrigues/","","","","sergio.rodrigues@storesace.com"," +351912955571","","",""
"154338334585","Kathleen","O’Mara","Networking","https://www.linkedin.com/in/kathleen-o%E2%80%99mara-75640689/","","","","kathleen@tlorestaurantconsulting.com"," +1 480-296-8895","","",""
"154038958412","Nick","Dutson","Networking","https://www.linkedin.com/in/nick-dutson-92557841/","","","","nick@redskyeng.com"," +1 435-406-4950","","",""
"153146835808","Timothy","Oliver lee","Networking","https://www.linkedin.com/in/toliverlee/","","","","oliver@clearcogs.com"," +1 224-267-5375","","",""
"152344884523","Micheal","Byrd","Networking","","","","","mike@signpresenter.com","","","",""
"151225938615","Jeffrey","Casanova","Networking","https://www.linkedin.com/in/jeffrey-o-casanova-31a747b/","","","","jeffrey@salesathleteco.com","","","",""
"151264932261","Kimberley","Modests","Networking","https://www.linkedin.com/in/kimberley-modeste-277858105/","","","","kim@smoreai.io","","","",""
"150750693675","Emily","Hedrick","Networking","https://www.linkedin.com/in/emily-m-hedrick/","","","","emily+bpotest@brand-itude.com"," +13348420222","","",""
"151136426852","Jordan","Ring","Networking Starting Lineup","https://www.linkedin.com/in/authorjmring/","","","","jordan@jmring.com","","","",""
"151094384935","Faizan","LinkedIn Guy","Networking","","","","","faizan11.ahmad@gmail.com","","","",""
"150911438001","Shawna","Suckow","Networking","https://www.linkedin.com/in/shawnasuckow/","","","","shawna@shawnasuckow.com","","","",""
"146918313570","Felipe","","Open","","","","","felipe@foodtechai.net","","Strategy","",""
"146134389127","Vinod","Shintre","Open","https://www.linkedin.com/in/vinodshintre/","","","","vinod@poddo.ai","","","",""
